Length,Type
-17,N
-19,N
-30,N
-30,N
-17,N
4,N
-88,N
-88,N
-9,N
-4,N
-15,N
14,N
-13,N
-28,N
-4,N
-290,N
46,N
-8,N
-20,N
-13,N
-17,N
31,N
-14,N
-14,N
10,N
-28,N
304,N
-56,N
-56,N
-7,N
-81,N
119,N
-35,N
-18,N
-14,N
-18,N
-44,N
-43,N
-31,N
-34,N
-203,N
5,N
133,N
5,N
5,N
64,N
23,N
69,N
-49,N
-8,N
-43,N
-11,N
-3,N
38,N
-8,N
-8,N
18,N
7,N
11,N
12,N
12,N
15,N
23,N
-21,N
-12,N
18,N
20,N
20,N
20,N
-5,N
12,N
-39,N
-31,N
-31,N
13,N
-7,N
-15,N
-13,N
-13,N
-6,N
-14,N
-12,N
-380,N
-380,N
-380,N
-380,N
30,N
-3,N
-36,N
59,N
-52,N
-52,N
32,N
32,N
-13,N
-28,N
-23,N
-63,N
-29,N
-29,N
-44,N
19,N
-49,N
-49,N
-49,N
-49,N
9,N
9,N
-3,N
4,N
4,N
-3,N
-3,N
-79,N
16,N
-29,N
26,N
-29,N
-4,N
-13,N
-13,N
-11,N
-11,N
-11,N
-11,N
-11,N
-11,N
-59,N
-33,N
5,N
5,N
-8,N
-8,N
5,N
-49,N
-3,N
-84,N
94,N
-73,N
-73,N
6,N
-38,N
-123,N
-106,N
-106,N
9,N
9,N
-11,N
-36,N
11,N
11,N
11,N
11,N
-11,N
11,N
145,N
-23,N
-27,N
9,N
9,N
9,N
9,N
-11,N
-63,N
9,N
-37,N
-25,N
-41,N
-11,N
8,N
8,N
18,N
18,N
18,N
18,N
18,N
18,N
18,N
18,N
18,N
18,N
18,N
81,N
-24,N
-24,N
-13,N
-7,N
-13,N
-4,N
58,N
21,N
21,N
-48,N
-9,N
-48,N
-15,N
13,N
13,N
-13,N
14,N
14,N
14,N
-37,N
49,N
14,N
14,N
14,N
14,N
-5,N
34,N
-12,N
9,N
9,N
9,N
-8,N
-83,N
-50,N
-14,N
-3,N
-34,N
12,N
12,N
-47,N
5,N
58,N
6,N
6,N
6,N
-3,N
28,N
28,N
28,N
-17,N
-23,N
-54,N
-10,N
5,N
5,N
14,N
-50,N
100,N
100,N
100,N
100,N
-247,N
-36,N
17,N
-4,N
75,N
-32,N
23,N
-76,N
6,N
6,N
22,N
4,N
-23,N
-23,N
105,N
15,N
-16,N
-16,N
-37,N
70,N
-12,N
22,N
22,N
-5,N
7,N
-17,N
-17,N
18,N
-46,N
-91,N
-24,N
-22,N
-22,N
5,N
-6,N
-6,N
14,N
34,N
-5,N
-29,N
-29,N
28,N
5,N
5,N
-17,N
-8,N
-8,N
-8,N
-8,N
22,N
22,N
22,N
22,N
22,N
8,N
8,N
8,N
-20,N
-50,N
-20,N
-17,N
-7,N
12,N
12,N
12,N
12,N
5,N
5,N
5,N
5,N
5,N
89,N
-17,N
-31,N
18,N
-19,N
-19,N
-5,N
6,N
6,N
-74,N
10,N
110,N
-3,N
15,N
-16,N
-27,N
-11,N
-11,N
-7,N
-41,N
-41,N
24,N
5,N
-36,N
-36,N
-36,N
123,N
29,N
9,N
9,N
6,N
9,N
43,N
6,N
6,N
-8,N
-12,N
-52,N
-11,N
-11,N
5,N
-52,N
-39,N
-76,N
-24,N
33,N
-95,N
-76,N
-18,N
-18,N
-18,N
-20,N
-64,N
-4,N
-62,N
-42,N
8,N
-35,N
-31,N
-31,N
-38,N
-14,N
-26,N
9,N
-20,N
-41,N
60,N
-44,N
-52,N
-3,N
-7,N
-54,N
-14,N
-12,N
-12,N
-4,N
-88,N
-88,N
-88,N
-41,N
-12,N
-9,N
-11,N
-15,N
25,N
61,N
64,N
-10,N
31,N
31,N
17,N
-4,N
-42,N
-23,N
-5,N
-5,N
51,N
-159,N
19,N
-4,N
-4,N
-4,N
-4,N
-4,N
-4,N
-4,N
7,N
8,N
8,N
8,N
8,N
8,N
8,N
8,N
8,N
52,N
75,N
75,N
75,N
75,N
75,N
75,N
-72,N
-228,N
-232,N
-72,N
-72,N
-182,N
-32,N
-7,N
20,N
-22,N
18,N
-4,N
79,N
-9,N
-7,N
-7,N
-16,N
-16,N
4,N
-21,N
24,N
-29,N
6,N
-11,N
-14,N
-14,N
-14,N
-23,N
-5,N
-5,N
208,N
-14,N
-28,N
-5,N
-5,N
-7,N
-45,N
-29,N
-6,N
-6,N
-28,N
12,N
12,N
-19,N
-82,N
-184,N
-28,N
11,N
11,N
11,N
11,N
11,N
11,N
-4,N
-10,N
203,N
234,N
-259,N
-182,N
25,N
-22,N
-22,N
-15,N
12,N
-38,N
-11,N
34,N
-60,N
-59,N
8,N
6,N
6,N
6,N
6,N
6,N
8,N
8,N
-10,N
6,N
8,N
8,N
8,N
8,N
-12,N
6,N
6,N
6,N
7,N
7,N
4,N
-36,N
7,N
4,N
7,N
-36,N
7,N
7,N
4,N
7,N
-21,N
4,N
4,N
70,N
70,N
22,N
22,N
-41,N
28,N
-5,N
-5,N
-5,N
-5,N
-5,N
65,N
-20,N
17,N
17,N
17,N
17,N
17,N
9,N
-26,N
-89,N
-89,N
-87,N
-80,N
22,N
-15,N
7,N
7,N
-41,N
34,N
6,N
36,N
64,N
21,N
55,N
-67,N
-17,N
-17,N
7,N
16,N
15,N
18,N
9,N
9,N
5,N
5,N
5,N
5,N
6,N
-8,N
-9,N
-8,N
34,N
-39,N
4,N
104,N
104,N
104,N
104,N
104,N
35,N
35,N
-25,N
-87,N
-35,N
-41,N
-10,N
59,N
-7,N
-147,N
-147,N
77,N
-115,N
25,N
-43,N
16,N
16,N
-37,N
-58,N
-12,N
-13,N
-13,N
-13,N
-31,N
-12,N
-12,N
7,N
7,N
41,N
-10,N
-15,N
-20,N
17,N
-30,N
10,N
96,N
-125,N
-30,N
-172,N
-172,N
7,N
-66,N
17,N
66,N
-3,N
6,N
-6,N
6,N
-4,N
12,N
-29,N
24,N
24,N
-134,N
-110,N
-110,N
-134,N
-3,N
-134,N
-134,N
-110,N
-128,N
-128,N
-128,N
-134,N
-9,N
-3,N
-11,N
-110,N
-128,N
-128,N
-128,N
-11,N
-11,N
-14,N
-3,N
-3,N
-13,N
-14,N
-13,N
5,N
-32,N
20,N
-29,N
13,N
13,N
13,N
13,N
13,N
13,N
9,N
-25,N
-9,N
-11,N
-22,N
-23,N
-244,N
-8,N
20,N
20,N
20,N
-176,N
-10,N
-10,N
-10,N
-11,N
-11,N
5,N
-18,N
-14,N
-18,N
-37,N
-37,N
12,N
-6,N
-13,N
-6,N
-35,N
-4,N
-4,N
-21,N
79,N
17,N
17,N
17,N
37,N
-22,N
-18,N
-37,N
8,N
8,N
5,N
-16,N
-3,N
-16,N
-16,N
-16,N
-41,N
-27,N
17,N
-66,N
-8,N
-17,N
-17,N
57,N
24,N
-23,N
24,N
-22,N
-22,N
24,N
-20,N
23,N
4,N
-4,N
-4,N
-4,N
-4,N
28,N
-42,N
-42,N
-72,N
-19,N
14,N
14,N
4,N
-3,N
-97,N
22,N
22,N
22,N
22,N
20,N
7,N
-126,N
-20,N
-68,N
21,N
21,N
21,N
8,N
-22,N
-17,N
-40,N
-18,N
-16,N
-16,N
-16,N
-16,N
-164,N
-41,N
-35,N
-7,N
-220,N
-5,N
-18,N
-8,N
18,N
18,N
-55,N
18,N
-47,N
-39,N
-19,N
-33,N
-31,N
15,N
-9,N
-9,N
-12,N
-26,N
-28,N
8,N
8,N
8,N
-11,N
-233,N
43,N
-38,N
13,N
-8,N
-8,N
-20,N
-9,N
-10,N
-9,N
74,N
-9,N
-45,N
32,N
-45,N
32,N
65,N
-17,N
6,N
-12,N
-5,N
5,N
5,N
83,N
46,N
7,N
7,N
-7,N
-31,N
-15,N
-3,N
-18,N
13,N
13,N
13,N
26,N
-17,N
32,N
32,N
114,N
-28,N
18,N
-12,N
-14,N
52,N
35,N
52,N
-12,N
-12,N
28,N
-4,N
146,N
19,N
-3,N
8,N
8,N
-4,N
-4,N
-78,N
-107,N
-4,N
13,N
-21,N
-20,N
-13,N
-13,N
39,N
65,N
-10,N
5,N
-16,N
-11,N
-60,N
40,N
-69,N
-3,N
-3,N
-6,N
-13,N
-3,N
8,N
102,N
-21,N
-3,N
41,N
36,N
8,N
36,N
-62,N
8,N
-62,N
36,N
36,N
49,N
-62,N
36,N
36,N
21,N
11,N
-17,N
4,N
-19,N
-43,N
-21,N
-6,N
-9,N
-12,N
-4,N
-6,N
54,N
54,N
54,N
-33,N
-7,N
9,N
9,N
-110,N
-155,N
9,N
65,N
65,N
65,N
7,N
9,N
-10,N
-12,N
-12,N
-12,N
-12,N
5,N
4,N
-20,N
-27,N
7,N
-21,N
21,N
-89,N
11,N
11,N
11,N
-26,N
-26,N
81,N
-10,N
-18,N
7,N
-22,N
-3,N
-9,N
-51,N
14,N
-73,N
-67,N
-41,N
5,N
-5,N
-48,N
-16,N
-3,N
-15,N
-12,N
-14,N
-13,N
-13,N
-24,N
115,N
-68,N
134,N
19,N
-10,N
-11,N
-31,N
-15,N
7,N
7,N
-54,N
-11,N
-11,N
-14,N
9,N
-3,N
55,N
55,N
-5,N
-5,N
-5,N
-5,N
-16,N
-30,N
50,N
50,N
11,N
-55,N
-30,N
-14,N
-36,N
-7,N
-26,N
-26,N
-26,N
8,N
8,N
-11,N
-11,N
39,N
17,N
-21,N
-66,N
84,N
19,N
19,N
-28,N
-13,N
-4,N
-4,N
-4,N
-28,N
17,N
-4,N
26,N
42,N
-57,N
-25,N
12,N
12,N
12,N
5,N
-34,N
-7,N
-23,N
84,N
-11,N
-19,N
-11,N
-29,N
38,N
-46,N
-46,N
-21,N
9,N
13,N
6,N
3,N
3,N
3,N
35,N
-18,N
146,N
146,N
-38,N
-184,N
150,N
13,N
35,N
6,N
-36,N
-14,N
-24,N
13,N
-50,N
-36,N
-6,N
-22,N
-22,N
-8,N
-6,N
-5,N
-41,N
-41,N
-41,N
-41,N
-95,N
39,N
-20,N
-15,N
-14,N
-46,N
-11,N
6,N
6,N
-11,N
-3,N
20,N
-14,N
-4,N
-36,N
-21,N
-21,N
-36,N
34,N
3,N
3,N
-14,N
-6,N
8,N
4,N
4,N
4,N
4,N
8,N
4,N
8,N
4,N
8,N
4,N
52,N
-62,N
-31,N
-62,N
-50,N
5,N
5,N
-11,N
-25,N
-7,N
7,N
6,N
6,N
40,N
15,N
40,N
-31,N
-160,N
9,N
16,N
31,N
6,N
-254,N
-254,N
-40,N
5,N
-17,N
-17,N
8,N
8,N
-51,N
4,N
-1285,N
-106,N
-26,N
-26,N
-26,N
9,N
9,N
9,N
-9,N
-21,N
84,N
84,N
35,N
84,N
35,N
84,N
35,N
-66,N
-7,N
-7,N
-34,N
-13,N
-58,N
42,N
-46,N
14,N
14,N
14,N
18,N
18,N
-11,N
18,N
13,N
111,N
21,N
21,N
17,N
17,N
-86,N
36,N
-26,N
-6,N
-11,N
5,N
5,N
5,N
5,N
5,N
6,N
5,N
-18,N
-18,N
-21,N
-19,N
-191,N
16,N
-3,N
21,N
-8,N
250,N
64,N
7,N
7,N
7,N
7,N
-12,N
17,N
17,N
17,N
17,N
17,N
7,N
7,N
-21,N
-141,N
-141,N
-73,N
-61,N
-4,N
-33,N
-33,N
-14,N
121,N
121,N
121,N
121,N
121,N
121,N
40,N
-9,N
-49,N
-9,N
10,N
-12,N
6,N
-11,N
-5,N
-8,N
-8,N
-19,N
-7,N
-104,N
6,N
-3,N
-17,N
18,N
18,N
18,N
-10,N
-18,N
-17,N
10,N
218,N
24,N
60,N
17,N
-34,N
-14,N
-26,N
-31,N
-67,N
-82,N
-3,N
47,N
-11,N
-3,N
-11,N
-10,N
-18,N
8,N
37,N
-22,N
-37,N
40,N
-53,N
14,N
-65,N
-9,N
-3,N
-8,N
-13,N
-17,N
-11,N
-28,N
17,N
17,N
-23,N
18,N
43,N
-17,N
12,N
78,N
78,N
7,N
-17,N
-10,N
-7,N
6,N
-4,N
-4,N
-11,N
-10,N
-7,N
6,N
-4,N
-10,N
-10,N
-8,N
-49,N
-49,N
12,N
12,N
-69,N
-16,N
-44,N
-11,N
-53,N
3,N
-18,N
16,N
-21,N
8,N
-8,N
10,N
6,N
-208,N
13,N
16,N
16,N
16,N
-8,N
15,N
27,N
27,N
-18,N
-11,N
-18,N
3,N
-48,N
-54,N
-7,N
-32,N
-41,N
6,N
-10,N
159,N
-44,N
-91,N
-17,N
-16,N
-16,N
-16,N
-16,N
-46,N
-62,N
-62,N
15,N
-14,N
110,N
-22,N
-12,N
8,N
-12,N
-12,N
-8,N
-8,N
-8,N
-11,N
-11,N
-9,N
94,N
6,N
-115,N
-30,N
11,N
-8,N
-14,N
4,N
-3,N
8,N
8,N
8,N
8,N
-32,N
-32,N
-25,N
11,N
11,N
-61,N
-62,N
4,N
-11,N
-45,N
6,N
-27,N
-33,N
-3,N
7,N
-84,N
36,N
-9,N
-11,N
-3,N
-8,N
-39,N
-95,N
8,N
11,N
11,N
18,N
-5,N
-35,N
-99,N
-99,N
-99,N
-9,N
-99,N
8,N
8,N
33,N
4,N
4,N
-11,N
-9,N
-24,N
10,N
-5,N
-40,N
5,N
5,N
-107,N
89,N
-94,N
-15,N
3,N
3,N
-1043,N
-9,N
13,N
53,N
-123,N
9,N
9,N
-47,N
23,N
-46,N
25,N
-5,N
-5,N
-4,N
-5,N
-4,N
-5,N
-5,N
-4,N
-5,N
-5,N
-4,N
-4,N
-8,N
-37,N
-17,N
-17,N
-59,N
-9,N
-3,N
-3,N
66,N
7,N
17,N
17,N
-48,N
-9,N
-9,N
25,N
-3,N
-9,N
-9,N
-5,N
-5,N
-128,N
-128,N
-25,N
81,N
-31,N
35,N
35,N
-70,N
-3,N
-39,N
-7,N
-20,N
-20,N
-60,N
6,N
21,N
21,N
21,N
21,N
21,N
-139,N
28,N
14,N
-37,N
9,N
9,N
-15,N
-15,N
-117,N
-117,N
-117,N
-13,N
-13,N
-13,N
-11,N
-23,N
-23,N
-588,N
-12,N
-3,N
-3,N
-3,N
-3,N
-3,N
-3,N
-9,N
-9,N
-30,N
-30,N
-30,N
-30,N
-30,N
-30,N
-19,N
-115,N
16,N
-7,N
-93,N
-13,N
-10,N
16,N
-69,N
7,N
54,N
-4,N
-14,N
6,N
-34,N
-40,N
-40,N
-6,N
-126,N
-15,N
-15,N
83,N
-13,N
-13,N
-13,N
-13,N
-48,N
-12,N
-12,N
-4,N
-27,N
-5,N
-52,N
-18,N
-40,N
42,N
-40,N
-40,N
9,N
-5,N
-87,N
-25,N
-25,N
-16,N
8,N
98,N
109,N
109,N
84,N
-68,N
28,N
65,N
-9,N
47,N
-227,N
-6,N
-6,N
-6,N
-6,N
-6,N
-10,N
-9,N
-11,N
-11,N
24,N
-24,N
24,N
-24,N
24,N
-24,N
-24,N
-26,N
-10,N
-13,N
-13,N
-130,N
-130,N
-130,N
-29,N
27,N
-31,N
-8,N
40,N
40,N
40,N
40,N
-9,N
40,N
40,N
7,N
9,N
-12,N
-12,N
36,N
-87,N
-54,N
-54,N
-54,N
-15,N
-15,N
41,N
7,N
12,N
12,N
4,N
4,N
-25,N
-26,N
-26,N
4,N
-25,N
-25,N
4,N
-5,N
-5,N
-5,N
-4,N
-4,N
-21,N
-29,N
-21,N
-48,N
-38,N
27,N
27,N
206,N
-20,N
-33,N
-8,N
-9,N
-9,N
4,N
-24,N
-23,N
9,N
9,N
-13,N
24,N
24,N
-12,N
12,N
-9,N
7,N
7,N
7,N
7,N
4,N
4,N
27,N
27,N
6,N
-5,N
-23,N
-16,N
7,N
5,N
5,N
-52,N
-8,N
-12,N
-12,N
-25,N
-25,N
-25,N
27,N
-25,N
51,N
88,N
88,N
8,N
-13,N
-9,N
-29,N
-160,N
-59,N
-48,N
7,N
20,N
-4,N
12,N
7,N
-45,N
35,N
-39,N
-20,N
21,N
21,N
21,N
-222,N
26,N
14,N
-15,N
-6,N
-6,N
-65,N
-55,N
47,N
-22,N
-20,N
-20,N
-20,N
-10,N
12,N
-43,N
-26,N
-3,N
49,N
45,N
13,N
83,N
28,N
28,N
3,N
28,N
-25,N
3,N
3,N
8,N
-43,N
-52,N
-69,N
-27,N
73,N
6,N
16,N
-39,N
18,N
7,N
122,N
-10,N
-4,N
-21,N
-14,N
-14,N
-4,N
-4,N
11,N
77,N
-12,N
-9,N
-8,N
-8,N
-7,N
-46,N
33,N
33,N
-78,N
-202,N
23,N
23,N
-16,N
7,N
-15,N
-11,N
-78,N
-30,N
41,N
-49,N
-40,N
6,N
18,N
10,N
-25,N
59,N
151,N
8,N
-9,N
-97,N
-49,N
-9,N
-6,N
-6,N
-6,N
-27,N
5,N
5,N
46,N
46,N
37,N
37,N
19,N
19,N
-13,N
-13,N
-13,N
-13,N
17,N
4,N
8,N
-11,N
18,N
-7,N
-19,N
-19,N
4,N
-52,N
-15,N
-41,N
-10,N
-99,N
-26,N
26,N
-40,N
12,N
12,N
108,N
12,N
12,N
12,N
12,N
12,N
-20,N
23,N
23,N
-122,N
-48,N
7,N
7,N
7,N
-35,N
10,N
10,N
17,N
-9,N
-9,N
24,N
24,N
24,N
24,N
-7,N
-7,N
6,N
-55,N
197,N
197,N
197,N
7,N
7,N
80,N
-84,N
37,N
-59,N
-19,N
-19,N
-19,N
-15,N
29,N
-7,N
382,N
4,N
2039,N
1538,N
-27,N
19,N
19,N
-40,N
-7,N
-32,N
-32,N
-33,N
-33,N
-33,N
-17,N
38,N
-12,N
-12,N
-12,N
-40,N
-129,N
-8,N
-129,N
-129,N
12,N
-13,N
7,N
-20,N
-67,N
-7,N
-7,N
7,N
26,N
-21,N
-7,N
9,N
-3,N
-16,N
-62,N
-17,N
-17,N
-66,N
85,N
-31,N
-28,N
-28,N
-39,N
-39,N
-9,N
-40,N
-9,N
9,N
-12,N
-18,N
30,N
-18,N
8,N
8,N
8,N
8,N
-164,N
-18,N
-59,N
-59,N
-21,N
28,N
28,N
15,N
27,N
30,N
-29,N
-49,N
92,N
27,N
27,N
4,N
-60,N
-60,N
-52,N
-5,N
8,N
-5,N
-38,N
-36,N
26,N
26,N
26,N
26,N
70,N
70,N
-7,N
-16,N
-16,N
-151,N
-33,N
-6,N
-6,N
22,N
-19,N
6,N
6,N
-18,N
-18,N
-18,N
-18,N
135,N
-18,N
-6,N
98,N
95,N
37,N
-84,N
-60,N
55,N
-39,N
-36,N
-40,N
59,N
-68,N
-68,N
214,N
-93,N
-8,N
-8,N
-8,N
-23,N
-30,N
-8,N
-8,N
-94,N
60,N
-15,N
-15,N
-9,N
-16,N
-74,N
18,N
-39,N
68,N
-33,N
-12,N
-17,N
-44,N
26,N
-12,N
-12,N
-23,N
-23,N
-36,N
-15,N
134,N
169,N
263,N
-7,N
-60,N
-34,N
-49,N
-4,N
-4,N
-26,N
9,N
-82,N
74,N
74,N
74,N
74,N
61,N
74,N
-13,N
-19,N
-191,N
-5,N
77,N
-42,N
-42,N
-42,N
-42,N
-7,N
-8,N
-7,N
-8,N
-23,N
43,N
27,N
-35,N
-47,N
88,N
-9,N
-9,N
-119,N
4,N
-26,N
4,N
-14,N
-235,N
-235,N
-235,N
-104,N
22,N
-320,N
-5,N
4,N
4,N
-97,N
-6,N
-20,N
-48,N
-18,N
-145,N
41,N
59,N
95,N
55,N
-5,N
-5,N
-29,N
-11,N
-74,N
-14,N
-18,N
21,N
21,N
21,N
21,N
-57,N
86,N
-22,N
-45,N
-20,N
-16,N
103,N
-22,N
-27,N
-25,N
-11,N
-18,N
-22,N
-47,N
-42,N
6,N
6,N
6,N
6,N
6,N
-90,N
-42,N
-25,N
-21,N
-26,N
-40,N
-40,N
-150,N
-150,N
-150,N
-14,N
-48,N
-3,N
12,N
33,N
-11,N
-31,N
-31,N
-31,N
-55,N
-55,N
-59,N
-105,N
-105,N
-9,N
-44,N
-44,N
34,N
-14,N
-6,N
9,N
-15,N
-15,N
-15,N
-15,N
3,N
4,N
4,N
4,N
-15,N
3,N
-46,N
-52,N
5,N
5,N
-9,N
-22,N
-6,N
-4,N
-4,N
-4,N
-4,N
-331,N
-51,N
-51,N
-51,N
-51,N
-13,N
-13,N
-13,N
-22,N
-13,N
52,N
-22,N
4,N
-157,N
-26,N
-4,N
4,N
113,N
45,N
-134,N
18,N
18,N
10,N
18,N
-26,N
-26,N
-7,N
23,N
-12,N
-5,N
-5,N
26,N
-14,N
-41,N
-41,N
-82,N
-4,N
9,N
-45,N
-5,N
8,N
3,N
93,N
-32,N
-32,N
-8,N
-39,N
-6,N
-25,N
-15,N
-4,N
-7,N
-7,N
-7,N
-7,N
-8,N
11,N
11,N
7,N
9,N
9,N
7,N
7,N
-6,N
-3,N
-3,N
12,N
26,N
-21,N
-23,N
-3,N
-58,N
-11,N
251,N
251,N
251,N
251,N
244,N
-11,N
14,N
-3,N
-4,N
-3,N
14,N
-3,N
-4,N
39,N
-53,N
-31,N
-291,N
-16,N
-8,N
23,N
-16,N
-38,N
-51,N
23,N
23,N
40,N
-69,N
-14,N
-34,N
-88,N
-88,N
-18,N
-22,N
-18,N
-16,N
-6,N
-15,N
-15,N
-11,N
-23,N
6,N
-35,N
7,N
7,N
7,N
7,N
10,N
-466,N
38,N
-26,N
9,N
13,N
13,N
9,N
9,N
13,N
-15,N
-15,N
-100,N
9,N
24,N
9,N
24,N
8,N
24,N
8,N
8,N
9,N
6,N
-25,N
4,N
-7,N
-7,N
-7,N
-7,N
-7,N
10,N
25,N
25,N
-6,N
25,N
10,N
25,N
-6,N
-43,N
-43,N
-15,N
-15,N
-41,N
-27,N
-27,N
-27,N
-27,N
-32,N
-186,N
-4,N
-4,N
-4,N
-23,N
-50,N
-38,N
-12,N
27,N
-12,N
85,N
-65,N
57,N
-15,N
-41,N
-17,N
4,N
4,N
4,N
-17,N
-8,N
-35,N
23,N
-27,N
3,N
-17,N
-17,N
-5,N
-36,N
-36,N
-36,N
20,N
-9,N
61,N
118,N
30,N
23,N
-35,N
5,N
5,N
-15,N
-15,N
-73,N
17,N
5,N
5,N
-50,N
-10,N
7,N
-24,N
-66,N
-17,N
-14,N
51,N
-44,N
-46,N
-6,N
6,N
-31,N
16,N
17,N
16,N
17,N
17,N
16,N
17,N
16,N
16,N
-8,N
-18,N
36,N
36,N
36,N
-47,N
-38,N
-43,N
26,N
-25,N
-8,N
-8,N
-8,N
-139,N
-12,N
28,N
-6,N
-49,N
43,N
-10,N
12,N
12,N
12,N
-6,N
-23,N
-127,N
-129,N
-9,N
-192,N
-83,N
-16,N
-14,N
-14,N
-34,N
75,N
11,N
-116,N
-20,N
-7,N
-7,N
-7,N
-21,N
-7,N
-30,N
-30,N
-30,N
-4,N
-30,N
5,N
5,N
37,N
14,N
110,N
-6,N
-13,N
-13,N
-13,N
36,N
-23,N
-17,N
-3,N
-35,N
-14,N
-8,N
-8,N
6,N
-15,N
6,N
6,N
6,N
-12,N
-13,N
13,N
13,N
13,N
87,N
13,N
-17,N
-49,N
-49,N
43,N
-28,N
26,N
26,N
48,N
-57,N
-57,N
7,N
21,N
26,N
26,N
26,N
26,N
26,N
38,N
-7,N
30,N
-7,N
-19,N
-6,N
-7,N
-6,N
29,N
-48,N
-528,N
-8,N
-5,N
-5,N
49,N
49,N
49,N
37,N
37,N
49,N
37,N
49,N
-14,N
11,N
30,N
-44,N
-9,N
-42,N
-54,N
-20,N
-20,N
16,N
16,N
-31,N
16,N
16,N
-15,N
-39,N
22,N
22,N
22,N
35,N
-5,N
-12,N
-12,N
6,N
-13,N
3,N
-15,N
-20,N
-9,N
-21,N
74,N
7,N
7,N
6,N
17,N
43,N
-23,N
52,N
-59,N
32,N
32,N
32,N
6,N
32,N
32,N
32,N
13,N
-3,N
40,N
-11,N
-11,N
-46,N
39,N
-15,N
67,N
-15,N
-22,N
124,N
-29,N
28,N
127,N
127,N
-17,N
-28,N
-34,N
-20,N
-46,N
-14,N
16,N
-14,N
-33,N
-11,N
-11,N
-11,N
-11,N
-32,N
-32,N
-32,N
-32,N
-32,N
-13,N
-37,N
-13,N
-13,N
-55,N
-55,N
-38,N
4,N
-27,N
-28,N
-29,N
-8,N
-16,N
-16,N
41,N
7,N
-29,N
-12,N
-12,N
-12,N
49,N
15,N
14,N
25,N
14,N
-5,N
14,N
-72,N
6,N
10,N
10,N
-11,N
10,N
10,N
10,N
-11,N
-11,N
-48,N
12,N
-152,N
-34,N
-67,N
-67,N
121,N
17,N
16,N
-46,N
-16,N
-67,N
-10,N
9,N
8,N
-25,N
-25,N
-30,N
-17,N
69,N
17,N
-18,N
-4,N
-4,N
-4,N
10,N
-28,N
-28,N
-21,N
-28,N
-28,N
35,N
11,N
-6,N
91,N
-21,N
166,N
-982,N
-42,N
-35,N
47,N
6,N
6,N
48,N
-27,N
-27,N
-22,N
-10,N
-4,N
22,N
12,N
8,N
-10,N
-22,N
-7,N
-7,N
-7,N
46,N
-71,N
-71,N
-71,N
-5,N
-5,N
-5,N
-5,N
-5,N
-5,N
-5,N
-5,N
-211,N
-184,N
-4,N
-4,N
12,N
-23,N
-29,N
-12,N
-39,N
6,N
11,N
11,N
-17,N
11,N
11,N
11,N
-13,N
61,N
80,N
-16,N
-16,N
-53,N
-20,N
49,N
49,N
49,N
23,N
-39,N
-12,N
25,N
-38,N
-38,N
-22,N
-8,N
-17,N
66,N
34,N
-6,N
15,N
-106,N
7,N
20,N
-137,N
-7,N
42,N
-32,N
8,N
8,N
-32,N
24,N
8,N
104,N
5,N
102,N
5,N
-9,N
30,N
-10,N
-10,N
-10,N
-23,N
-22,N
156,N
-29,N
-17,N
-4,N
-42,N
-64,N
-6,N
-117,N
-104,N
-19,N
24,N
-66,N
-50,N
10,N
10,N
-492,N
-486,N
23,N
-11,N
-11,N
-11,N
-57,N
-4,N
-4,N
-9,N
-92,N
-29,N
-9,N
-3,N
-59,N
-59,N
-267,N
-20,N
-21,N
7,N
-12,N
-11,N
-12,N
48,N
48,N
-11,N
12,N
-18,N
-38,N
42,N
-27,N
-20,N
-47,N
33,N
-17,N
58,N
58,N
-11,N
5,N
12,N
8,N
8,N
-32,N
-3,N
-7,N
9,N
9,N
9,N
-6,N
-38,N
-38,N
-33,N
-10,N
-38,N
5,N
-12,N
-80,N
-11,N
-21,N
-13,N
-4,N
-11,N
-25,N
17,N
17,N
17,N
24,N
5,N
8,N
8,N
4,N
8,N
8,N
8,N
-22,N
-57,N
-31,N
-13,N
10,N
18,N
50,N
63,N
63,N
6,N
53,N
46,N
-30,N
37,N
-38,N
-5,N
55,N
73,N
-22,N
-11,N
-273,N
-23,N
51,N
-17,N
-17,N
-19,N
-19,N
-19,N
15,N
-24,N
-24,N
-24,N
11,N
6,N
-22,N
-23,N
18,N
18,N
-3,N
-26,N
-26,N
-26,N
-36,N
-36,N
5,N
19,N
19,N
-4,N
-24,N
-15,N
47,N
-48,N
-48,N
-48,N
-19,N
13,N
13,N
-8,N
-12,N
16,N
36,N
36,N
36,N
-27,N
202,N
202,N
202,N
202,N
11,N
11,N
-5,N
-21,N
-10,N
-16,N
19,N
-5,N
24,N
-89,N
6,N
-139,N
-139,N
-13,N
5,N
-70,N
-48,N
-16,N
-6,N
-5,N
-6,N
-110,N
-5,N
61,N
-7,N
-13,N
77,N
77,N
77,N
-5,N
75,N
75,N
-192,N
-14,N
11,N
-45,N
-45,N
-3,N
-47,N
-40,N
-36,N
5,N
-39,N
8,N
-5,N
-38,N
-25,N
-40,N
-10,N
9,N
15,N
23,N
9,N
17,N
17,N
-16,N
20,N
10,N
15,N
-12,N
-15,N
9,N
9,N
15,N
-4,N
9,N
9,N
9,N
9,N
9,N
9,N
9,N
-34,N
-7,N
-45,N
57,N
37,N
-98,N
38,N
38,N
-11,N
4,N
4,N
-4,N
-54,N
-5,N
48,N
31,N
14,N
-23,N
-50,N
32,N
32,N
137,N
-4,N
-10,N
-38,N
-4,N
-6,N
3,N
-99,N
23,N
-25,N
-25,N
75,N
75,N
5,N
5,N
5,N
5,N
5,N
-7,N
-24,N
-20,N
-20,N
-20,N
5,N
5,N
5,N
5,N
5,N
5,N
5,N
-9,N
-18,N
-22,N
-22,N
-58,N
-29,N
-39,N
-136,N
39,N
39,N
-7,N
-24,N
-11,N
-9,N
-9,N
3,N
3,N
3,N
-3,N
-35,N
122,N
48,N
-28,N
-9,N
-4,N
-4,N
62,N
62,N
-26,N
62,N
-26,N
-26,N
-18,N
-31,N
-11,N
18,N
-93,N
-59,N
-59,N
-93,N
-93,N
15,N
-47,N
42,N
-37,N
-44,N
-11,N
12,N
5,N
13,N
5,N
24,N
-7,N
-11,N
-43,N
-14,N
-21,N
-4,N
28,N
28,N
28,N
-25,N
-25,N
-25,N
-33,N
-13,N
-16,N
-40,N
-40,N
-40,N
-46,N
-46,N
-7,N
-33,N
-33,N
-42,N
-41,N
23,N
17,N
-8,N
-5,N
-15,N
-24,N
36,N
208,N
208,N
-24,N
-17,N
-32,N
-24,N
-63,N
-13,N
-66,N
-66,N
33,N
-32,N
-14,N
-5,N
-5,N
-5,N
-40,N
51,N
-29,N
-29,N
-10,N
-29,N
-6,N
-6,N
17,N
17,N
17,N
-5,N
-5,N
41,N
15,N
15,N
5,N
13,N
95,N
21,N
95,N
-43,N
-6,N
-6,N
-4,N
-34,N
-34,N
-45,N
-59,N
-25,N
22,N
22,N
-21,N
27,N
5,N
5,N
5,N
-23,N
-50,N
-13,N
-45,N
-328,N
-355,N
-11,N
-7,N
-7,N
19,N
7,N
7,N
19,N
-7,N
-7,N
-17,N
-17,N
12,N
12,N
-7,N
6,N
6,N
-13,N
-13,N
-48,N
-48,N
-58,N
-58,N
-58,N
-47,N
-53,N
-15,N
-31,N
-276,N
125,N
-7,N
-6,N
-6,N
-6,N
24,N
24,N
24,N
-15,N
-18,N
-59,N
-106,N
-6,N
-60,N
-62,N
-4,N
9,N
-28,N
10,N
10,N
10,N
-11,N
7,N
7,N
-41,N
-8,N
-45,N
12,N
-4,N
-12,N
53,N
-193,N
-10,N
21,N
21,N
21,N
-9,N
-15,N
-31,N
136,N
-53,N
-47,N
12,N
-60,N
12,N
-79,N
-11,N
-20,N
-11,N
16,N
16,N
-15,N
27,N
-5,N
-13,N
-13,N
-81,N
-81,N
4,N
5,N
5,N
5,N
5,N
54,N
-76,N
15,N
38,N
-40,N
-28,N
13,N
13,N
15,N
15,N
15,N
15,N
92,N
8,N
8,N
8,N
8,N
-9,N
-11,N
9,N
-10,N
-33,N
-286,N
-36,N
-3,N
-3,N
-799,N
-105,N
-62,N
23,N
23,N
-13,N
-13,N
8,N
8,N
-70,N
-44,N
16,N
7,N
4,N
-66,N
4,N
-45,N
200,N
-66,N
-31,N
-19,N
-66,N
-9,N
33,N
4,N
-11,N
-427,N
-21,N
-21,N
-19,N
26,N
26,N
92,N
-32,N
28,N
17,N
33,N
-4,N
-4,N
31,N
-4,N
33,N
28,N
33,N
-6,N
-24,N
-24,N
-564,N
22,N
22,N
22,N
-129,N
-32,N
-3,N
-3,N
-3,N
-301,N
56,N
99,N
12,N
-81,N
-71,N
-21,N
-11,N
6,N
6,N
6,N
6,N
6,N
7,N
-50,N
84,N
-25,N
-34,N
-14,N
-13,N
-25,N
13,N
13,N
23,N
23,N
-5,N
89,N
-3,N
33,N
33,N
-44,N
-44,N
-30,N
-30,N
6,N
-6,N
4,N
-61,N
-17,N
6,N
6,N
-17,N
6,N
-67,N
-21,N
-21,N
-21,N
-21,N
-79,N
-20,N
-40,N
-40,N
-5,N
-5,N
-5,N
-24,N
44,N
52,N
-115,N
-36,N
49,N
7,N
7,N
-8,N
-8,N
8,N
-80,N
-66,N
-66,N
200,N
4,N
4,N
4,N
4,N
-11,N
-11,N
37,N
-11,N
-11,N
-27,N
-11,N
-11,N
-17,N
31,N
7,N
-63,N
-8,N
-8,N
-8,N
-8,N
-8,N
-8,N
-4,N
10,N
10,N
10,N
-27,N
-10,N
-24,N
-35,N
-17,N
-24,N
-3,N
-8,N
-41,N
-28,N
8,N
-23,N
17,N
61,N
-30,N
-7,N
30,N
81,N
8,N
-18,N
-37,N
-25,N
-8,N
35,N
18,N
-8,N
-6,N
-15,N
-6,N
-15,N
-24,N
23,N
-24,N
-24,N
10,N
-11,N
-31,N
8,N
8,N
8,N
8,N
-31,N
-136,N
28,N
32,N
32,N
113,N
22,N
5,N
13,N
66,N
-15,N
94,N
-5,N
-5,N
-14,N
-94,N
59,N
-27,N
-17,N
-17,N
-20,N
-260,N
-34,N
-10,N
-20,N
-10,N
-8,N
-70,N
-70,N
-12,N
-12,N
-15,N
20,N
-12,N
-30,N
-18,N
-27,N
-27,N
-62,N
-27,N
-27,N
-27,N
-27,N
-20,N
8,N
8,N
8,N
8,N
7,N
-165,N
6,N
6,N
6,N
6,N
133,N
40,N
-33,N
4,N
29,N
57,N
-13,N
-24,N
-24,N
-6,N
-6,N
-6,N
-23,N
5,N
5,N
-48,N
-1051,N
14,N
8,N
-67,N
-67,N
-67,N
70,N
-29,N
-7,N
53,N
21,N
164,N
15,N
15,N
63,N
-19,N
-4,N
-97,N
20,N
-4,N
20,N
42,N
42,N
42,N
-46,N
-15,N
-16,N
5,N
5,N
5,N
5,N
-40,N
-54,N
7,N
7,N
7,N
7,N
7,N
-184,N
11,N
11,N
11,N
11,N
-204,N
-4,N
-4,N
-4,N
-4,N
5,N
-16,N
-22,N
-14,N
-12,N
5,N
-28,N
-27,N
12,N
-10,N
-34,N
28,N
88,N
5,N
4,N
-24,N
4,N
-38,N
4,N
25,N
-29,N
-11,N
-76,N
-4,N
-11,N
-3,N
-9,N
-11,N
-5,N
-5,N
-19,N
-34,N
-16,N
11,N
-14,N
-20,N
-20,N
14,N
46,N
-5,N
-19,N
-6,N
11,N
-9,N
7,N
-3,N
-8,N
-8,N
-8,N
-8,N
11,N
11,N
-8,N
11,N
-8,N
-8,N
11,N
11,N
41,N
-8,N
13,N
-40,N
-17,N
-17,N
-17,N
10,N
-23,N
54,N
-3,N
-13,N
19,N
19,N
19,N
15,N
51,N
9,N
8,N
7,N
8,N
9,N
8,N
39,N
-4,N
39,N
39,N
39,N
-37,N
-14,N
-56,N
6,N
-31,N
-31,N
-18,N
-28,N
31,N
61,N
54,N
-27,N
-7,N
5,N
-7,N
15,N
-18,N
3,N
3,N
-9,N
-3,N
-37,N
-37,N
-37,N
7,N
7,N
-67,N
17,N
17,N
17,N
17,N
17,N
-10,N
-10,N
70,N
-6,N
-6,N
4,N
-25,N
-15,N
28,N
-19,N
-43,N
-180,N
51,N
-7,N
-7,N
-20,N
20,N
20,N
20,N
20,N
20,N
20,N
20,N
20,N
20,N
52,N
-19,N
-114,N
4,N
4,N
-23,N
-14,N
-14,N
-14,N
-14,N
52,N
52,N
225,N
-9,N
6,N
6,N
6,N
6,N
6,N
-9,N
6,N
-9,N
-51,N
-14,N
68,N
8,N
8,N
8,N
8,N
14,N
14,N
14,N
-5,N
-5,N
-22,N
40,N
-8,N
-9,N
20,N
20,N
-9,N
-34,N
-26,N
-256,N
-13,N
19,N
-469,N
-469,N
-23,N
-7,N
14,N
-53,N
32,N
32,N
32,N
32,N
32,N
15,N
14,N
-19,N
-295,N
5,N
-16,N
-16,N
-16,N
10,N
-155,N
-155,N
8,N
36,N
36,N
36,N
36,N
36,N
36,N
-40,N
-14,N
14,N
15,N
15,N
-12,N
-27,N
-27,N
8,N
-44,N
-4,N
-104,N
6,N
8,N
-93,N
-18,N
7,N
-18,N
7,N
-18,N
-11,N
-18,N
-11,N
-18,N
-12,N
-18,N
-11,N
-11,N
-11,N
7,N
7,N
35,N
-8,N
-8,N
-8,N
-13,N
-23,N
-5,N
-10,N
-18,N
-17,N
-18,N
-17,N
-54,N
-5,N
-5,N
23,N
35,N
-4,N
-4,N
6,N
-13,N
10,N
-245,N
-18,N
-23,N
24,N
24,N
24,N
3,N
-40,N
-57,N
-36,N
-28,N
-15,N
-19,N
-32,N
-5,N
-16,N
3,N
3,N
57,N
-62,N
29,N
36,N
14,N
15,N
-63,N
-39,N
-7,N
-7,N
-7,N
-7,N
-7,N
122,N
-48,N
-48,N
-34,N
-13,N
14,N
-12,N
-19,N
-70,N
-13,N
-76,N
5,N
-7,N
-27,N
-438,N
-27,N
-12,N
27,N
-196,N
-215,N
-35,N
-34,N
-8,N
-44,N
73,N
73,N
45,N
-39,N
-39,N
-20,N
-20,N
-20,N
-20,N
52,N
7,N
-34,N
-25,N
-30,N
-30,N
-82,N
-8,N
-7,N
-8,N
-7,N
-7,N
-8,N
5,N
-9,N
-67,N
-6,N
-18,N
-18,N
69,N
14,N
14,N
14,N
-48,N
-36,N
25,N
25,N
9,N
-256,N
-373,N
25,N
9,N
9,N
25,N
44,N
-37,N
-22,N
-22,N
-22,N
-22,N
-20,N
-20,N
-19,N
-17,N
-5,N
-18,N
29,N
29,N
-38,N
29,N
29,N
-38,N
-38,N
-38,N
-38,N
-38,N
44,N
-30,N
25,N
25,N
25,N
36,N
-7,N
-10,N
7,N
-15,N
-15,N
9,N
9,N
9,N
9,N
9,N
9,N
9,N
-6,N
64,N
-9,N
-10,N
-10,N
-20,N
-22,N
-22,N
-22,N
-16,N
85,N
85,N
-85,N
-40,N
-5,N
-5,N
-5,N
-14,N
-14,N
-14,N
8,N
8,N
8,N
-20,N
-10,N
-18,N
-7,N
-4,N
-23,N
-30,N
-30,N
-21,N
-3,N
-157,N
13,N
5,N
5,N
5,N
-4,N
-111,N
25,N
-29,N
10,N
10,N
10,N
10,N
-25,N
-90,N
-8,N
-78,N
11,N
-11,N
-11,N
3,N
34,N
-30,N
-3,N
-24,N
-34,N
16,N
40,N
-73,N
-47,N
15,N
-15,N
31,N
-54,N
-8,N
-8,N
42,N
22,N
-51,N
-7,N
-6,N
-18,N
-59,N
14,N
14,N
14,N
-18,N
21,N
-16,N
-44,N
-44,N
-44,N
79,N
-4,N
-5,N
-30,N
-30,N
-4,N
-4,N
-30,N
-300,N
-297,N
-11,N
-5,N
-5,N
-5,N
-5,N
-49,N
4,N
-8,N
-166,N
21,N
-53,N
9,N
-3,N
19,N
-3,N
19,N
8,N
-17,N
-10,N
-15,N
57,N
7,N
18,N
18,N
18,N
18,N
-5,N
7,N
7,N
-78,N
25,N
25,N
31,N
31,N
31,N
-4,N
17,N
17,N
46,N
-66,N
-59,N
-51,N
-4,N
-24,N
-26,N
-61,N
-27,N
-6,N
-59,N
-11,N
-37,N
-28,N
-19,N
-26,N
-34,N
16,N
-13,N
39,N
-98,N
-35,N
-35,N
-36,N
-3,N
-3,N
-41,N
-8,N
-16,N
-56,N
-31,N
-30,N
94,N
-99,N
-12,N
-4,N
16,N
16,N
16,N
16,N
16,N
11,N
-26,N
7,N
-43,N
-11,N
-22,N
-19,N
50,N
-22,N
-19,N
-6,N
16,N
16,N
16,N
16,N
16,N
16,N
16,N
16,N
-29,N
-18,N
63,N
-6,N
41,N
-17,C
-36,C
43,C
-8,C
-16,C
-16,C
10,C
27,C
-16,C
-16,C
27,C
-16,C
17,C
-16,C
-8,C
-54,C
4,C
-29,C
-29,C
-29,C
-27,C
-11,C
-29,C
-9,C
22,C
-21,C
-21,C
-21,C
-21,C
-21,C
-88,C
7,C
-5,C
7,C
-5,C
-19,C
7,C
-19,C
-6,C
-6,C
8,C
8,C
-22,C
-3,C
-26,C
-673,C
-673,C
-673,C
-673,C
7,C
60,C
10,C
-63,C
-21,C
-74,C
-37,C
-37,C
-37,C
-37,C
54,C
-43,C
-40,C
-4,C
-4,C
-4,C
26,C
19,C
19,C
45,C
-570,C
-10,C
-120,C
-120,C
-120,C
-120,C
56,C
-21,C
14,C
-11,C
91,C
-22,C
-229,C
-229,C
-229,C
-229,C
24,C
-27,C
-72,C
-72,C
-72,C
-29,C
10,C
10,C
18,C
18,C
18,C
12,C
-55,C
44,C
-55,C
-34,C
-55,C
-55,C
-55,C
-34,C
-55,C
40,C
-53,C
-97,C
-97,C
-97,C
98,C
-4,C
-4,C
-4,C
12,C
-4,C
14,C
-4,C
-4,C
-4,C
14,C
35,C
-44,C
-38,C
3,C
-13,C
-22,C
26,C
-22,C
-39,C
-38,C
-230,C
34,C
-70,C
-14,C
-12,C
-46,C
-262,C
-177,C
-179,C
-29,C
-29,C
-10,C
22,C
4,C
10,C
17,C
-4,C
-3,C
-6,C
12,C
24,C
-42,C
14,C
-23,C
-3,C
-57,C
-50,C
-3,C
-3,C
51,C
-6,C
28,C
19,C
14,C
-37,C
-21,C
26,C
13,C
-42,C
-56,C
3,C
-13,C
-13,C
-54,C
67,C
-28,C
-28,C
-19,C
-17,C
5,C
5,C
-9,C
-7,C
-8,C
-8,C
-8,C
65,C
-6,C
-6,C
-64,C
19,C
-4,C
-5,C
-5,C
3,C
3,C
3,C
65,C
-13,C
-32,C
-50,C
12,C
12,C
12,C
17,C
17,C
-128,C
539,C
45,C
-32,C
44,C
-12,C
-30,C
-24,C
-13,C
8,C
-5,C
43,C
10,C
-16,C
50,C
-22,C
-24,C
-22,C
16,C
-31,C
-43,C
-3,C
-3,C
-3,C
-3,C
52,C
-6,C
-6,C
14,C
-47,C
-53,C
20,C
13,C
-4,C
22,C
15,C
-89,C
-6,C
-6,C
-4,C
-51,C
-51,C
-101,C
-155,C
-63,C
-4,C
-48,C
100,C
-11,C
-8,C
-4,C
-12,C
-12,C
-62,C
91,C
-87,C
79,C
-8,C
-8,C
-8,C
-8,C
-8,C
-8,C
-26,C
24,C
-14,C
122,C
-55,C
-16,C
-5,C
-40,C
-159,C
-159,C
3,C
8,C
-318,C
-318,C
-318,C
13,C
-6,C
-6,C
43,C
-21,C
-218,C
-23,C
-47,C
51,C
5,C
5,C
21,C
-64,C
-9,C
-20,C
-29,C
-20,C
-205,C
-4,C
-4,C
15,C
-56,C
-56,C
-56,C
20,C
21,C
-11,C
-13,C
-6,C
-15,C
-99,C
16,C
5,C
-58,C
3,C
-45,C
-44,C
5,C
5,C
27,C
38,C
-26,C
26,C
-10,C
-10,C
-10,C
-10,C
-14,C
-144,C
-11,C
45,C
-6,C
-44,C
3,C
-3,C
20,C
41,C
-5,C
-110,C
-11,C
-11,C
-11,C
-58,C
29,C
29,C
29,C
29,C
29,C
29,C
29,C
201,C
80,C
80,C
-27,C
19,C
-78,C
20,C
-19,C
-4,C
12,C
-5,C
31,C
6,C
-33,C
-7,C
55,C
-5,C
-10,C
-10,C
12,C
12,C
-4,C
-8,C
74,C
-26,C
-42,C
-11,C
7,C
-11,C
-11,C
-21,C
-3,C
7,C
30,C
-23,C
5,C
5,C
-13,C
-13,C
-13,C
-13,C
28,C
28,C
28,C
28,C
-4,C
-4,C
-5,C
-5,C
4,C
-31,C
-14,C
27,C
-38,C
-38,C
-38,C
-38,C
-56,C
-56,C
-56,C
8,C
8,C
-7,C
11,C
11,C
13,C
11,C
4,C
4,C
36,C
36,C
10,C
10,C
11,C
11,C
66,C
66,C
-17,C
29,C
96,C
5,C
44,C
-5,C
56,C
-5,C
-10,C
12,C
-92,C
-92,C
-92,C
-92,C
-92,C
-92,C
-92,C
-92,C
-3,C
-3,C
-16,C
41,C
-8,C
-15,C
-15,C
-8,C
44,C
44,C
-5,C
-7,C
-7,C
-7,C
-7,C
-185,C
-165,C
-165,C
-185,C
-27,C
14,C
3,C
-27,C
-9,C
-469,C
14,C
19,C
-39,C
-3,C
4,C
4,C
-3,C
-3,C
-3,C
-3,C
-56,C
-56,C
-56,C
-56,C
-7,C
-7,C
-105,C
18,C
23,C
19,C
19,C
19,C
19,C
19,C
19,C
19,C
-5,C
-5,C
-27,C
-6,C
-13,C
78,C
6,C
53,C
27,C
53,C
-800,C
-8,C
-8,C
-8,C
-8,C
-8,C
-97,C
30,C
-30,C
-30,C
-51,C
-51,C
27,C
-88,C
-163,C
-150,C
-5,C
-5,C
-5,C
-42,C
-28,C
-9,C
-10,C
-22,C
-47,C
7,C
-25,C
7,C
7,C
3,C
29,C
-35,C
-9,C
-27,C
-3,C
3,C
13,C
34,C
-49,C
-24,C
-27,C
-27,C
-11,C
-16,C
-16,C
18,C
12,C
-14,C
-3,C
-4,C
81,C
16,C
3,C
3,C
-27,C
29,C
-14,C
-181,C
-169,C
9,C
-45,C
-47,C
-30,C
-47,C
-11,C
-66,C
58,C
103,C
63,C
4,C
17,C
-3,C
-3,C
-17,C
-41,C
-11,C
11,C
-71,C
-71,C
-102,C
7,C
7,C
7,C
7,C
7,C
-35,C
-39,C
86,C
-13,C
84,C
19,C
11,C
49,C
-17,C
-26,C
-19,C
-19,C
8,C
-27,C
32,C
119,C
3,C
4,C
-6,C
-24,C
-7,C
44,C
4,C
17,C
-3,C
-3,C
-20,C
-20,C
-20,C
-19,C
-20,C
-50,C
-8,C
-4,C
-8,C
-91,C
-46,C
-6,C
-28,C
-15,C
-28,C
95,C
13,C
13,C
-38,C
28,C
11,C
65,C
14,C
-15,C
-15,C
-27,C
-16,C
-16,C
5,C
61,C
25,C
-13,C
-13,C
34,C
-26,C
103,C
-18,C
-18,C
9,C
9,C
-22,C
59,C
18,C
15,C
10,C
29,C
29,C
9,C
7,C
7,C
-45,C
-54,C
-54,C
-27,C
15,C
-39,C
-31,C
-127,C
-44,C
-4,C
-194,C
6,C
-51,C
3,C
41,C
7,C
-11,C
-11,C
-17,C
-17,C
-17,C
-25,C
5,C
5,C
-199,C
83,C
-28,C
-3,C
39,C
46,C
10,C
-5,C
13,C
-37,C
15,C
-62,C
-17,C
-23,C
-17,C
-23,C
-17,C
-17,C
-12,C
-12,C
68,C
68,C
68,C
-18,C
-18,C
-18,C
-18,C
-46,C
-25,C
-149,C
56,C
-16,C
-13,C
-7,C
55,C
-46,C
-23,C
17,C
-212,C
-11,C
-29,C
-32,C
403,C
-30,C
26,C
568,C
568,C
-118,C
-148,C
-6,C
-263,C
-6,C
-6,C
-6,C
84,C
14,C
-48,C
168,C
4,C
-42,C
-7,C
5,C
25,C
4,C
-3,C
-3,C
-9,C
26,C
-8,C
-27,C
-43,C
-12,C
-43,C
47,C
-43,C
-10,C
47,C
-10,C
-6,C
-34,C
18,C
-219,C
46,C
-23,C
-11,C
11,C
-5,C
-4,C
124,C
5,C
-3,C
-3,C
-13,C
-60,C
18,C
6,C
-67,C
4,C
-3,C
14,C
34,C
34,C
-45,C
-15,C
-17,C
-25,C
11,C
-18,C
-21,C
-22,C
8,C
8,C
-36,C
8,C
-24,C
-47,C
-7,C
6,C
5,C
5,C
5,C
5,C
-34,C
-8,C
8,C
-6,C
-6,C
-6,C
-6,C
-6,C
-4,C
-4,C
-4,C
-4,C
-4,C
-4,C
-4,C
3,C
3,C
-417,C
-4,C
-3,C
-3,C
17,C
14,C
17,C
-18,C
-6,C
22,C
19,C
3,C
3,C
3,C
3,C
3,C
-37,C
76,C
-10,C
-10,C
-34,C
-41,C
89,C
-3,C
8,C
16,C
3,C
3,C
11,C
12,C
-31,C
64,C
19,C
-42,C
20,C
9,C
-7,C
12,C
-93,C
5,C
36,C
-42,C
40,C
11,C
-10,C
-10,C
-106,C
4,C
-11,C
-4,C
-10,C
-14,C
141,C
-588,C
-35,C
28,C
-7,C
-13,C
-7,C
-7,C
-7,C
-14,C
35,C
16,C
72,C
-25,C
3,C
5,C
5,C
21,C
53,C
-36,C
-23,C
50,C
-6,C
-6,C
10,C
36,C
-8,C
51,C
-49,C
-27,C
14,C
3,C
-179,C
4,C
-30,C
-3,C
12,C
-53,C
-46,C
10,C
-34,C
6,C
44,C
-46,C
10,C
10,C
10,C
10,C
9,C
9,C
9,C
9,C
9,C
-32,C
37,C
-8,C
-8,C
16,C
17,C
17,C
-10,C
-37,C
-383,C
-4,C
-4,C
-4,C
-4,C
-4,C
-4,C
-3,C
10,C
32,C
-23,C
-13,C
-13,C
45,C
12,C
-43,C
-16,C
-16,C
-8,C
-30,C
6,C
-14,C
-32,C
-3,C
10,C
10,C
-4,C
-4,C
-6,C
-3,C
-52,C
9,C
-202,C
40,C
101,C
16,C
-23,C
-4,C
22,C
-57,C
14,C
-22,C
36,C
-20,C
-7,C
-4,C
-4,C
-4,C
-4,C
-4,C
-4,C
28,C
-452,C
-413,C
17,C
17,C
-16,C
3,C
3,C
13,C
13,C
13,C
13,C
13,C
-32,C
-32,C
16,C
-35,C
-35,C
22,C
29,C
79,C
13,C
95,C
13,C
-4,C
86,C
49,C
-79,C
44,C
7,C
7,C
7,C
-59,C
-45,C
27,C
-27,C
-27,C
9,C
15,C
17,C
-34,C
81,C
44,C
64,C
-9,C
-9,C
-35,C
-4,C
22,C
22,C
22,C
59,C
-21,C
59,C
59,C
59,C
59,C
59,C
-50,C
-10,C
-50,C
35,C
-27,C
-12,C
-12,C
-12,C
-14,C
78,C
-14,C
-4,C
-19,C
-64,C
-84,C
-24,C
19,C
29,C
-21,C
-28,C
-33,C
-64,C
4,C
-30,C
-30,C
87,C
-17,C
3,C
-49,C
3,C
3,C
3,C
3,C
33,C
-4,C
-20,C
55,C
-4,C
-35,C
15,C
15,C
15,C
15,C
15,C
15,C
33,C
-20,C
-24,C
-24,C
-10,C
-4,C
-4,C
-11,C
9,C
-10,C
-88,C
-68,C
-12,C
-53,C
-175,C
-9,C
6,C
6,C
-49,C
56,C
-27,C
61,C
-9,C
-17,C
-5,C
-11,C
8,C
-27,C
14,C
30,C
14,C
14,C
14,C
55,C
-76,C
72,C
50,C
-42,C
65,C
-6,C
-6,C
-6,C
-6,C
-263,C
48,C
-4,C
-26,C
-113,C
-48,C
-35,C
-6,C
-8,C
-10,C
-8,C
6,C
6,C
6,C
-12,C
3,C
-110,C
-39,C
-75,C
-64,C
4,C
4,C
10,C
14,C
14,C
14,C
14,C
16,C
16,C
5,C
5,C
5,C
7,C
-3,C
-137,C
-66,C
34,C
-38,C
29,C
7,C
14,C
-17,C
-17,C
64,C
12,C
94,C
-440,C
36,C
4,C
-46,C
-46,C
7,C
-39,C
7,C
8,C
15,C
-14,C
14,C
-17,C
15,C
15,C
15,C
-20,C
-53,C
30,C
27,C
5,C
-55,C
-4,C
-4,C
61,C
-4,C
-13,C
12,C
12,C
12,C
9,C
-10,C
29,C
-19,C
2337,C
1354,C
1350,C
1065,C
8,C
18,C
120,C
-9,C
-9,C
-53,C
-31,C
10,C
10,C
10,C
10,C
-265,C
408,C
-97,C
-97,C
-97,C
-97,C
-14,C
-14,C
-8,C
4,C
-90,C
-88,C
-34,C
-51,C
4,C
-13,C
-13,C
10,C
7,C
-106,C
10,C
-106,C
10,C
5,C
5,C
5,C
5,C
20,C
-54,C
3,C
-31,C
218,C
-28,C
-49,C
-58,C
6,C
15,C
-16,C
4,C
37,C
-9,C
-144,C
-21,C
-41,C
-11,C
-11,C
62,C
-47,C
21,C
117,C
11,C
-180,C
70,C
53,C
48,C
-26,C
15,C
3,C
3,C
3,C
3,C
14,C
-134,C
-4,C
-10,C
-38,C
88,C
-87,C
13,C
13,C
13,C
-30,C
-30,C
-113,C
-113,C
152,C
-18,C
35,C
-14,C
-49,C
-14,C
-86,C
-30,C
4,C
-30,C
-30,C
-30,C
4,C
-5,C
3,C
44,C
8,C
44,C
19,C
-32,C
-51,C
-51,C
-26,C
94,C
30,C
7,C
4,C
9,C
-11,C
-48,C
-54,C
-18,C
3,C
32,C
32,C
32,C
-175,C
11,C
11,C
11,C
-6,C
16,C
16,C
-4,C
47,C
47,C
47,C
47,C
47,C
47,C
47,C
3,C
-5,C
-138,C
-101,C
-101,C
-18,C
13,C
11,C
9,C
-20,C
6,C
-29,C
4,C
9,C
-54,C
-5,C
-5,C
-5,C
-5,C
-5,C
-5,C
32,C
5,C
-264,C
3,C
37,C
-29,C
385,C
-45,C
42,C
23,C
9,C
9,C
9,C
9,C
9,C
9,C
5,C
-34,C
-187,C
10,C
-24,C
235,C
-5,C
-153,C
11,C
-14,C
-12,C
-31,C
-31,C
25,C
-62,C
-81,C
-81,C
-11,C
-19,C
-62,C
-4,C
9,C
-161,C
-180,C
-132,C
-3,C
32,C
32,C
4,C
16,C
-27,C
-27,C
44,C
-157,C
-7,C
-147,C
-32,C
-3,C
68,C
-17,C
-67,C
21,C
61,C
26,C
-106,C
-106,C
-21,C
-21,C
-21,C
11,C
-7,C
-7,C
38,C
20,C
20,C
3,C
-6,C
-6,C
-9,C
-9,C
-9,C
-9,C
87,C
11,C
239,C
-13,C
-13,C
-13,C
-198,C
-198,C
-73,C
38,C
46,C
13,C
-48,C
13,C
-17,C
3,C
-5,C
-78,C
6,C
-278,C
-17,C
-31,C
8,C
-218,C
-50,C
-148,C
-21,C
-21,C
17,C
-7,C
-493,C
74,C
-304,C
-20,C
-14,C
-36,C
17,C
-181,C
-181,C
-181,C
31,C
-4,C
-36,C
20,C
-20,C
-45,C
-64,C
-5,C
-34,C
-34,C
-342,C
110,C
8,C
8,C
42,C
42,C
82,C
42,C
42,C
42,C
19,C
19,C
19,C
-75,C
-149,C
-156,C
-8,C
-16,C
356,C
24,C
-24,C
41,C
5,C
-3,C
20,C
-23,C
39,C
-35,C
41,C
7,C
-70,C
-12,C
-33,C
-55,C
3,C
3,C
7,C
14,C
27,C
31,C
3,C
-4,C
-123,C
3,C
27,C
27,C
-20,C
16,C
16,C
16,C
16,C
-14,C
49,C
7,C
-3,C
-3,C
-33,C
4,C
-4,C
13,C
45,C
6,C
6,C
-6,C
79,C
-4,C
20,C
64,C
17,C
-189,C
23,C
24,C
15,C
-89,C
-18,C
-18,C
-18,C
-17,C
-3,C
19,C
-11,C
-120,C
-11,C
-11,C
-63,C
80,C
3,C
-68,C
-681,C
21,C
4,C
33,C
-72,C
20,C
46,C
46,C
26,C
19,C
319,C
23,C
-6,C
-6,C
-6,C
-6,C
-6,C
-6,C
31,C
31,C
-6,C
131,C
-153,C
10,C
10,C
10,C
32,C
80,C
-23,C
17,C
4,C
-6,C
-17,C
-30,C
22,C
-27,C
5,C
-5,C
-37,C
4,C
20,C
-9,C
15,C
-94,C
-4,C
29,C
-4,C
-51,C
-16,C
-54,C
-26,C
5,C
5,C
7,C
-10,C
115,C
-21,C
-21,C
-21,C
-21,C
12,C
5,C
-134,C
-71,C
-13,C
-13,C
-13,C
-13,C
-12,C
-12,C
-12,C
-9,C
30,C
28,C
-7,C
14,C
14,C
-3,C
-3,C
-68,C
11,C
-9,C
-9,C
-58,C
-172,C
-58,C
-172,C
3,C
-21,C
49,C
49,C
49,C
9,C
9,C
-48,C
24,C
10,C
18,C
-22,C
-39,C
-25,C
-121,C
-120,C
-121,C
-120,C
-120,C
-24,C
34,C
11,C
11,C
80,C
-29,C
-30,C
-18,C
-31,C
-9,C
-8,C
-8,C
-16,C
-16,C
-16,C
-16,C
-16,C
3,C
7,C
49,C
-9,C
-19,C
7,C
3,C
92,C
51,C
92,C
51,C
-533,C
92,C
14,C
14,C
14,C
-293,C
35,C
-82,C
-18,C
6,C
31,C
-15,C
-32,C
14,C
26,C
24,C
32,C
-146,C
12,C
85,C
-13,C
-24,C
-24,C
45,C
45,C
-26,C
-10,C
-10,C
-10,C
-10,C
-120,C
-122,C
8,C
34,C
34,C
34,C
30,C
34,C
-28,C
17,C
17,C
-24,C
102,C
-191,C
19,C
25,C
46,C
17,C
3,C
-13,C
-40,C
-13,C
27,C
-7,C
-44,C
-18,C
-18,C
-50,C
29,C
-240,C
-246,C
4,C
4,C
4,C
4,C
4,C
4,C
4,C
4,C
4,C
4,C
9,C
-12,C
-25,C
-61,C
31,C
-36,C
-36,C
-31,C
-14,C
-10,C
-89,C
5,C
5,C
-12,C
63,C
-34,C
-34,C
-46,C
38,C
38,C
-18,C
10,C
-7,C
41,C
-41,C
-61,C
-33,C
13,C
13,C
13,C
7,C
-113,C
18,C
32,C
-7,C
-47,C
31,C
-10,C
-10,C
-10,C
7,C
7,C
7,C
7,C
-5,C
-5,C
-5,C
-5,C
-72,C
26,C
-72,C
131,C
131,C
131,C
131,C
-33,C
9,C
-15,C
-8,C
-8,C
-8,C
-15,C
-63,C
9,C
-37,C
-37,C
-26,C
-26,C
10,C
24,C
3,C
3,C
3,C
3,C
5,C
-18,C
-19,C
64,C
-25,C
-11,C
-121,C
4,C
-12,C
-12,C
-12,C
8,C
8,C
8,C
8,C
-35,C
-43,C
-13,C
-16,C
-30,C
37,C
-5,C
-5,C
-5,C
-5,C
-5,C
-50,C
20,C
3,C
31,C
9,C
15,C
15,C
24,C
-68,C
7,C
-71,C
27,C
-68,C
-68,C
-68,C
-68,C
9,C
14,C
3,C
-98,C
-3,C
6,C
-4,C
-13,C
-22,C
137,C
137,C
137,C
137,C
137,C
137,C
-39,C
-49,C
-39,C
26,C
42,C
-12,C
5,C
80,C
34,C
33,C
29,C
13,C
13,C
-48,C
-15,C
36,C
-26,C
16,C
-80,C
40,C
8,C
6,C
9,C
9,C
43,C
-13,C
-4,C
-13,C
-13,C
20,C
26,C
-9,C
-9,C
-9,C
294,C
-720,C
42,C
118,C
118,C
118,C
118,C
-137,C
-6,C
6,C
-5,C
-27,C
-8,C
-31,C
-49,C
-35,C
-68,C
9,C
9,C
9,C
9,C
9,C
9,C
96,C
-22,C
58,C
57,C
19,C
9,C
26,C
-185,C
9,C
10,C
6,C
13,C
21,C
-3,C
5,C
-241,C
38,C
71,C
7,C
3,C
16,C
26,C
9,C
-264,C
-8,C
-5,C
-5,C
-91,C
18,C
18,C
-24,C
-10,C
-10,C
-4,C
14,C
-5,C
-5,C
-5,C
-5,C
-5,C
-5,C
-5,C
-31,C
-5,C
-5,C
89,C
-4,C
14,C
14,C
14,C
14,C
14,C
8,C
8,C
8,C
23,C
-67,C
23,C
4,C
-25,C
-40,C
-49,C
-22,C
-22,C
-31,C
-22,C
-68,C
-19,C
-44,C
-44,C
5,C
26,C
79,C
-135,C
-22,C
-25,C
29,C
52,C
-129,C
-129,C
-46,C
9,C
-17,C
-17,C
-17,C
-53,C
-53,C
-53,C
9,C
4,C
50,C
9,C
9,C
117,C
35,C
7,C
116,C
3,C
-7,C
-25,C
8,C
8,C
8,C
8,C
14,C
-4,C
-39,C
7,C
-19,C
-10,C
-20,C
-26,C
-21,C
9,C
-71,C
11,C
-8,C
24,C
8,C
18,C
13,C
-47,C
-20,C
-5,C
-5,C
-7,C
-79,C
26,C
18,C
6,C
6,C
-31,C
-18,C
-29,C
-30,C
-30,C
-63,C
-437,C
22,C
39,C
-19,C
-4,C
-18,C
-8,C
-8,C
-14,C
4,C
-33,C
-14,C
-9,C
-42,C
-42,C
-9,C
6,C
-9,C
-9,C
-73,C
-44,C
24,C
38,C
-29,C
-105,C
-105,C
-15,C
-84,C
-84,C
-8,C
70,C
11,C
19,C
-28,C
12,C
-279,C
-9,C
-7,C
-193,C
-27,C
21,C
-222,C
-777,C
-21,C
-3,C
-125,C
45,C
3,C
3,C
18,C
18,C
18,C
18,C
18,C
18,C
-181,C
-181,C
8,C
8,C
3,C
8,C
-65,C
42,C
-52,C
-30,C
-14,C
43,C
-252,C
-252,C
-252,C
31,C
-40,C
-7,C
8,C
19,C
21,C
-257,C
55,C
-63,C
28,C
32,C
-53,C
-8,C
33,C
57,C
8,C
14,C
7,C
39,C
27,C
-206,C
28,C
18,C
16,C
16,C
16,C
16,C
16,C
16,C
29,C
-34,C
87,C
192,C
192,C
87,C
-12,C
3,C
3,C
3,C
3,C
-80,C
-16,C
-16,C
-16,C
-16,C
-16,C
-207,C
-60,C
35,C
61,C
-6,C
-6,C
-6,C
-6,C
-26,C
33,C
-27,C
33,C
-865,C
-865,C
-5,C
-28,C
6,C
6,C
6,C
-48,C
-24,C
-9,C
13,C
71,C
71,C
75,C
19,C
-19,C
-28,C
15,C
-13,C
-13,C
-13,C
-13,C
-13,C
76,C
-13,C
-13,C
-13,C
-13,C
-13,C
-13,C
-13,C
-13,C
82,C
8,C
82,C
-16,C
-16,C
4,C
-7,C
7,C
11,C
11,C
11,C
35,C
12,C
-665,C
-665,C
-665,C
-665,C
-665,C
31,C
-57,C
37,C
37,C
37,C
37,C
32,C
52,C
38,C
9,C
9,C
-83,C
-23,C
-23,C
-23,C
-23,C
11,C
6,C
313,C
-11,C
-3,C
-3,C
-3,C
11,C
8,C
7,C
-56,C
5,C
-55,C
-6,C
47,C
14,C
14,C
6,C
-66,C
-50,C
-28,C
5,C
-39,C
9,C
9,C
79,C
23,C
-262,C
3,C
-29,C
7,C
-27,C
7,C
-97,C
-15,C
-15,C
31,C
-4,C
12,C
25,C
-61,C
-54,C
-36,C
-61,C
-20,C
-147,C
-3,C
-61,C
16,C
16,C
-4,C
-49,C
-12,C
35,C
-30,C
-22,C
-22,C
-44,C
3,C
-25,C
-27,C
-11,C
-11,C
38,C
-18,C
320,C
-37,C
-92,C
-92,C
-92,C
7,C
-33,C
-48,C
5,C
48,C
48,C
48,C
48,C
48,C
-17,C
11,C
8,C
8,C
-40,C
-40,C
90,C
17,C
-31,C
-31,C
-30,C
-31,C
-94,C
-31,C
-31,C
-94,C
-30,C
-31,C
-68,C
11,C
25,C
46,C
14,C
12,C
12,C
12,C
-155,C
4,C
4,C
4,C
4,C
26,C
31,C
17,C
17,C
12,C
16,C
24,C
-20,C
-3,C
-3,C
-3,C
7,C
-4,C
-23,C
7,C
7,C
-9,C
4,C
4,C
4,C
4,C
5,C
-10,C
-10,C
11,C
11,C
51,C
-59,C
19,C
9,C
9,C
9,C
-70,C
73,C
73,C
73,C
73,C
-26,C
-11,C
-26,C
-1804,C
11,C
15,C
-65,C
-34,C
11,C
-8,C
50,C
-514,C
-43,C
-49,C
13,C
-48,C
-29,C
-631,C
-32,C
5,C
5,C
5,C
5,C
5,C
5,C
5,C
5,C
5,C
5,C
-73,C
41,C
-12,C
-40,C
-92,C
-23,C
-32,C
-15,C
-15,C
12,C
1288,C
1288,C
1288,C
1288,C
1288,C
1288,C
-15,C
21,C
12,C
-28,C
-73,C
-73,C
-50,C
5,C
-39,C
17,C
17,C
18,C
-78,C
5,C
-32,C
-7,C
-7,C
14,C
-8,C
-7,C
5,C
-3,C
-25,C
27,C
-26,C
-177,C
-18,C
4,C
5,C
14,C
-7,C
-7,C
14,C
-7,C
14,C
-3,C
-3,C
14,C
-3,C
-3,C
-3,C
-3,C
-7,C
-5,C
-5,C
-25,C
-54,C
-25,C
-177,C
-11,C
71,C
-11,C
-11,C
13,C
13,C
6,C
-23,C
-4,C
-23,C
12,C
-64,C
32,C
-55,C
-15,C
-41,C
-51,C
-4,C
-4,C
6,C
59,C
86,C
-40,C
-13,C
35,C
-30,C
19,C
-3,C
-11,C
-11,C
11,C
63,C
-49,C
-4,C
-90,C
-45,C
52,C
-39,C
-7,C
-19,C
-30,C
-613,C
-29,C
5,C
5,C
-20,C
665,C
17,C
6,C
-133,C
-38,C
30,C
-4,C
-4,C
-23,C
-23,C
-23,C
-23,C
-161,C
-138,C
-92,C
-92,C
8,C
8,C
8,C
8,C
8,C
11,C
-22,C
4,C
4,C
4,C
4,C
4,C
4,C
4,C
-73,C
22,C
-100,C
4,C
24,C
-22,C
65,C
-14,C
-127,C
-25,C
-5,C
-5,C
-5,C
111,C
-33,C
15,C
-30,C
-32,C
55,C
55,C
25,C
29,C
-76,C
-261,C
32,C
-14,C
-10,C
24,C
-175,C
-35,C
87,C
-31,C
-10,C
-10,C
-22,C
193,C
-22,C
-15,C
-105,C
-58,C
-7,C
-113,C
-113,C
-80,C
5,C
14,C
285,C
15,C
-5,C
-20,C
-21,C
-60,C
-78,C
-194,C
-194,C
27,C
-15,C
-15,C
-15,C
-5,C
-12,C
-12,C
-12,C
-12,C
-12,C
17,C
17,C
17,C
54,C
-159,C
-159,C
-159,C
-7,C
-40,C
-20,C
-31,C
-31,C
-31,C
-31,C
-12,C
-6,C
-26,C
6,C
6,C
6,C
6,C
6,C
6,C
48,C
-16,C
105,C
-16,C
-5,C
-5,C
-5,C
-5,C
28,C
9,C
9,C
9,C
-23,C
45,C
3,C
12,C
232,C
232,C
7,C
-28,C
-64,B
-561,B
-46,B
36,B
-188,B
41,B
-40,B
-115,B
-36,B
-19,B
-305,B
-13,B
-109,B
-160,B
-14,B
-48,B
5,B
4,B
-101,B
-101,B
-101,B
-101,B
-113,B
-101,B
-101,B
8,B
17,B
17,B
-14,B
-8,B
-8,B
-14,B
10,B
-127,B
-25,B
-25,B
-25,B
-25,B
207,B
207,B
-229,B
-151,B
-31,B
90,B
-123,B
60,B
67,B
67,B
13,B
5,B
-44,B
-94,B
-198,B
-202,B
35,B
35,B
35,B
132,B
35,B
-105,B
-32,B
-32,B
-253,B
-37,B
-216,B
-27,B
14,B
-170,B
-266,B
-54,B
-19,B
-512,B
18,B
-57,B
-28,B
-25,B
-43,B
-6,B
-26,B
-26,B
-606,B
-24,B
14,B
-41,B
28,B
-4,B
-36,B
51,B
-197,B
-39,B
-20,B
-27,B
-63,B
41,B
-28,B
16,B
-105,B
5,B
-74,B
-68,B
-68,B
27,B
16,B
-52,B
-348,B
-120,B
46,B
-29,B
-6,B
-229,B
13,B
-70,B
53,B
-10,B
68,B
-166,B
-381,B
46,B
-52,B
-52,B
-36,B
-68,B
-112,B
-34,B
-17,B
-23,B
-23,B
33,B
33,B
33,B
-9,B
-31,B
-26,B
62,B
22,B
12,B
12,B
-12,B
-5,B
-77,B
-31,B
71,B
29,B
-107,B
-83,B
4,B
-61,B
-38,B
157,B
36,B
227,B
227,B
88,B
-119,B
54,B
23,B
-302,B
27,B
27,B
27,B
37,B
-10,B
15,B
224,B
-37,B
-44,B
-788,B
-38,B
-91,B
-42,B
-15,B
-149,B
28,B
-142,B
183,B
183,B
183,B
-25,B
-263,B
-174,B
-5,B
11,B
95,B
-34,B
-12,B
-37,B
-21,B
-87,B
-14,B
-134,B
-40,B
-60,B
-103,B
-18,B
-30,B
-55,B
-34,B
-45,B
175,B
45,BN
-9,BN
21,BN
-19,BN
11,BN
34,BN
-5,BN
63,BN
6,BN
-4,BN
317,BN
3,BN
32,BN
79,BN
-7,BN
51,BN
4,BN
8,BN
9,BN
9,BN
9,BN
9,BN
21,BN
9,BN
9,BN
4,BN
-7,BN
-7,BN
-33,BN
16,BN
16,BN
-33,BN
-4,BN
30,BN
21,BN
21,BN
21,BN
21,BN
-9,BN
-9,BN
27,BN
88,BN
-5,BN
-85,BN
-7,BN
-45,BN
-117,BN
-117,BN
5,BN
9,BN
-20,BN
66,BN
4,BN
197,BN
-13,BN
-13,BN
-13,BN
-13,BN
-13,BN
-12,BN
3,BN
3,BN
-12,BN
7,BN
66,BN
-6,BN
34,BN
208,BN
260,BN
6,BN
22,BN
449,BN
-28,BN
44,BN
11,BN
-8,BN
7,BN
-21,BN
34,BN
34,BN
66,BN
27,BN
13,BN
12,BN
27,BN
-25,BN
12,BN
9,BN
35,BN
-12,BN
13,BN
43,BN
8,BN
-59,BN
-4,BN
-12,BN
8,BN
-15,BN
10,BN
40,BN
40,BN
-3,BN
20,BN
43,BN
246,BN
30,BN
-25,BN
42,BN
-40,BN
42,BN
-29,BN
-6,BN
5,BN
-19,BN
-35,BN
-32,BN
173,BN
-91,BN
12,BN
12,BN
27,BN
30,BN
80,BN
4,BN
9,BN
36,BN
36,BN
-20,BN
-20,BN
-20,BN
15,BN
8,BN
-4,BN
-34,BN
-7,BN
-7,BN
-7,BN
28,BN
9,BN
24,BN
21,BN
-5,BN
-7,BN
100,BN
55,BN
-16,BN
12,BN
13,BN
-26,BN
-80,BN
-202,BN
-202,BN
-29,BN
44,BN
-24,BN
4,BN
256,BN
18,BN
18,BN
18,BN
-31,BN
4,BN
-26,BN
11,BN
15,BN
16,BN
114,BN
25,BN
39,BN
14,BN
-11,BN
155,BN
-21,BN
-9,BN
-9,BN
-9,BN
-9,BN
5,BN
214,BN
-18,BN
8,BN
-8,BN
-82,BN
17,BN
26,BN
-5,BN
30,BN
70,BN
-12,BN
146,BN
31,BN
40,BN
79,BN
12,BN
-4,BN
-5,BN
15,BN
-4,BN
-40,BN
-19,BC
-570,BC
-25,BC
17,BC
-177,BC
75,BC
-45,BC
-52,BC
-30,BC
-23,BC
12,BC
-10,BC
-77,BC
-81,BC
-21,BC
3,BC
9,BC
12,BC
-92,BC
-92,BC
-92,BC
-92,BC
-92,BC
-92,BC
-92,BC
12,BC
10,BC
10,BC
-47,BC
8,BC
8,BC
-47,BC
6,BC
-97,BC
-4,BC
-4,BC
-4,BC
-4,BC
198,BC
198,BC
-202,BC
-63,BC
-36,BC
5,BC
-130,BC
15,BC
-50,BC
-50,BC
18,BC
14,BC
-64,BC
-28,BC
-194,BC
-5,BC
22,BC
22,BC
22,BC
119,BC
22,BC
-117,BC
-29,BC
-29,BC
-265,BC
-30,BC
-150,BC
-33,BC
48,BC
38,BC
-6,BC
-48,BC
3,BC
-63,BC
-10,BC
-13,BC
-17,BC
-33,BC
-36,BC
-27,BC
8,BC
8,BC
-540,BC
3,BC
27,BC
-29,BC
55,BC
-29,BC
-24,BC
60,BC
-162,BC
-51,BC
-7,BC
16,BC
-55,BC
-18,BC
-32,BC
4,BC
-97,BC
-10,BC
-64,BC
-28,BC
-28,BC
24,BC
36,BC
-9,BC
-102,BC
-90,BC
21,BC
13,BC
-46,BC
-187,BC
-16,BC
-76,BC
58,BC
-29,BC
33,BC
-198,BC
-208,BC
-45,BC
-40,BC
-40,BC
-9,BC
-38,BC
-32,BC
-30,BC
-8,BC
13,BC
13,BC
13,BC
13,BC
13,BC
6,BC
-23,BC
-30,BC
28,BC
15,BC
5,BC
5,BC
16,BC
4,BC
-53,BC
-10,BC
66,BC
22,BC
-7,BC
-28,BC
-12,BC
-49,BC
-25,BC
131,BC
-44,BC
25,BC
25,BC
59,BC
-75,BC
30,BC
27,BC
-46,BC
45,BC
45,BC
45,BC
6,BC
-6,BC
-11,BC
235,BC
-22,BC
-28,BC
-674,BC
-13,BC
-52,BC
-28,BC
-26,BC
6,BC
7,BC
-151,BC
174,BC
174,BC
174,BC
-20,BC
-49,BC
-192,BC
3,BC
3,BC
13,BC
-17,BC
14,BC
-42,BC
9,BC
-17,BC
-26,BC
12,BC
-9,BC
-20,BC
-24,BC
-6,BC
-34,BC
-60,BC
-19,BC
-49,BC
135,BC
